,temp,time
0,0.11157554304931305,1
1,0.05679711932889664,2
2,0.3302255968086253,3
3,0.4584488411349157,4
4,0.27852207277571794,5
